title,path,keywords
all-data,/test.pdf,aaa iii uuu　えええ　おおお
テスト,/test.pdf,aaa iii uuu　えええ　おおお
テスト,/test.pdf,aaa iii uuu　えええ　おおお
テスト,/test.pdf,aaa iii uuu　えええ　おおお
テスト,/test.pdf,aaa iii uuu　えええ　おおお
テスト,/test.pdf,aaa iii uuu　えええ　おおお
テスト,/test.pdf,aaa iii uuu　えええ　おおお
テスト,/test.pdf,aaa iii uuu　えええ　おおお
テスト,/test.pdf,aaa iii uuu　えええ　おおお
テスト,/test.pdf,aaa iii uuu　えええ　おおお
テスト,/test.pdf,aaa iii uuu　えええ　おおお
テスト,/test.pdf,aaa iii uuu　えええ　おおお
テスト,/test.pdf,aaa iii uuu　えええ　おおお
テスト,/test.pdf,aaa iii uuu　えええ　おおお
テスト,/test.pdf,aaa iii uuu　えええ　おおお
テスト,/test.pdf,aaa iii uuu　えええ　おおお
テスト,/test.pdf,aaa iii uuu　えええ　おおお
テスト,/test.pdf,aaa iii uuu　えええ　おおお
テスト,/test.pdf,aaa iii uuu　えええ　おおお
テスト,/test.pdf,aaa iii uuu　えええ　おおお
テスト,/test.pdf,aaa iii uuu　えええ　おおお
テスト,/test.pdf,aaa iii uuu　えええ　おおお
テスト,/test.pdf,aaa iii uuu　えええ　おおお
テスト,/test.pdf,aaa iii uuu　えええ　おおお
テスト,/test.pdf,aaa iii uuu　えええ　おおお
テスト,/test.pdf,aaa iii uuu　えええ　おおお
テスト,/test.pdf,aaa iii uuu　えええ　おおお
テスト,/test.pdf,aaa iii uuu　えええ　おおお
テスト,/test.pdf,aaa iii uuu　えええ　おおお
テスト,/test.pdf,aaa iii uuu　えええ　おおお
テスト,/test.pdf,aaa iii uuu　えええ　おおお
テスト,/test.pdf,aaa iii uuu　えええ　おおお
テスト,/test.pdf,aaa iii uuu　えええ　おおお
テスト,/test.pdf,aaa iii uuu　えええ　おおお
テスト,/test.pdf,aaa iii uuu　えええ　おおお
テスト,/test.pdf,aaa iii uuu　えええ　おおお
テスト,/test.pdf,aaa iii uuu　えええ　おおお
テスト,/test.pdf,aaa iii uuu　えええ　おおお
テスト,/test.pdf,aaa iii uuu　えええ　おおお
テスト,/test.pdf,aaa iii uuu　えええ　おおお
テスト,/test.pdf,aaa iii uuu　えええ　おおお
テスト,/test.pdf,aaa iii uuu　えええ　おおお
テスト,/test.pdf,aaa iii uuu　えええ　おおお
テスト,/test.pdf,aaa iii uuu　えええ　おおお
テスト,/test.pdf,aaa iii uuu　えええ　おおお
テスト,/test.pdf,aaa iii uuu　えええ　おおお
テスト,/test.pdf,aaa iii uuu　えええ　おおお
テスト,/test.pdf,aaa iii uuu　えええ　おおお
テスト,/test.pdf,aaa iii uuu　えええ　おおお
テスト,/test.pdf,aaa iii uuu　えええ　おおお
テスト,/test.pdf,aaa iii uuu　えええ　おおお
テスト,/test.pdf,aaa iii uuu　えええ　おおお
テスト,/test.pdf,aaa iii uuu　えええ　おおお
テスト,/test.pdf,aaa iii uuu　えええ　おおお
テスト,/test.pdf,aaa iii uuu　えええ　おおお
テスト,/test.pdf,aaa iii uuu　えええ　おおお
テスト,/test.pdf,aaa iii uuu　えええ　おおお
テスト,/test.pdf,aaa iii uuu　えええ　おおお
テスト,/test.pdf,aaa iii uuu　えええ　おおお
テスト,/test.pdf,aaa iii uuu　えええ　おおお
テスト,/test.pdf,aaa iii uuu　えええ　おおお
テスト,/test.pdf,aaa iii uuu　えええ　おおお
テスト,/test.pdf,aaa iii uuu　えええ　おおお
テスト,/test.pdf,aaa iii uuu　えええ　おおお
テスト,/test.pdf,aaa iii uuu　えええ　おおお
テスト,/test.pdf,aaa iii uuu　えええ　おおお
テスト,/test.pdf,aaa iii uuu　えええ　おおお
テスト,/test.pdf,aaa iii uuu　えええ　おおお
テスト,/test.pdf,aaa iii uuu　えええ　おおお
テスト,/test.pdf,aaa iii uuu　えええ　おおお
テスト,/test.pdf,aaa iii uuu　えええ　おおお
テスト,/test.pdf,aaa iii uuu　えええ　おおお
テスト,/test.pdf,aaa iii uuu　えええ　おおお
テスト,/test.pdf,aaa iii uuu　えええ　おおお
テスト,/test.pdf,aaa iii uuu　えええ　おおお
テスト,/test.pdf,aaa iii uuu　えええ　おおお
テスト,/test.pdf,aaa iii uuu　えええ　おおお
テスト,/test.pdf,aaa iii uuu　えええ　おおお
テスト,/test.pdf,aaa iii uuu　えええ　おおお
テスト,/test.pdf,aaa iii uuu　えええ　おおお
テスト,/test.pdf,aaa iii uuu　えええ　おおお
テスト,/test.pdf,aaa iii uuu　えええ　おおお
テスト,/test.pdf,aaa iii uuu　えええ　おおお
テスト,/test.pdf,aaa iii uuu　えええ　おおお
テスト,/test.pdf,aaa iii uuu　えええ　おおお
テスト,/test.pdf,aaa iii uuu　えええ　おおお
テスト,/test.pdf,aaa iii uuu　えええ　おおお
テスト,/test.pdf,aaa iii uuu　えええ　おおお
テスト,/test.pdf,aaa iii uuu　えええ　おおお
テスト,/test.pdf,aaa iii uuu　えええ　おおお
テスト,/test.pdf,aaa iii uuu　えええ　おおお
テスト,/test.pdf,aaa iii uuu　えええ　おおお
テスト,/test.pdf,aaa iii uuu　えええ　おおお
テスト,/test.pdf,aaa iii uuu　えええ　おおお
テスト,/test.pdf,aaa iii uuu　えええ　おおお
テスト,/test.pdf,aaa iii uuu　えええ　おおお
テスト,/test.pdf,aaa iii uuu　えええ　おおお
テスト,/test.pdf,aaa iii uuu　えええ　おおお
テスト,/test.pdf,aaa iii uuu　えええ　おおお
テスト,/test.pdf,aaa iii uuu　えええ　おおお
テスト,/test.pdf,aaa iii uuu　えええ　おおお
テスト,/test.pdf,aaa iii uuu　えええ　おおお
テスト,/test.pdf,aaa iii uuu　えええ　おおお
テスト,/test.pdf,aaa iii uuu　えええ　おおお
テスト,/test.pdf,aaa iii uuu　えええ　おおお
テスト,/test.pdf,aaa iii uuu　えええ　おおお
テスト,/test.pdf,aaa iii uuu　えええ　おおお
テスト,/test.pdf,aaa iii uuu　えええ　おおお
テスト,/test.pdf,aaa iii uuu　えええ　おおお
テスト,/test.pdf,aaa iii uuu　えええ　おおお
テスト,/test.pdf,aaa iii uuu　えええ　おおお
テスト,/test.pdf,aaa iii uuu　えええ　おおお
テスト,/test.pdf,aaa iii uuu　えええ　おおお
テスト,/test.pdf,aaa iii uuu　えええ　おおお
テスト,/test.pdf,aaa iii uuu　えええ　おおお
テスト,/test.pdf,aaa iii uuu　えええ　おおお
テスト,/test.pdf,aaa iii uuu　えええ　おおお
テスト,/test.pdf,aaa iii uuu　えええ　おおお
テスト,/test.pdf,aaa iii uuu　えええ　おおお
テスト,/test.pdf,aaa iii uuu　えええ　おおお
テスト,/test.pdf,aaa iii uuu　えええ　おおお
テスト,/test.pdf,aaa iii uuu　えええ　おおお
テスト,/test.pdf,aaa iii uuu　えええ　おおお
テスト,/test.pdf,aaa iii uuu　えええ　おおお
テスト,/test.pdf,aaa iii uuu　えええ　おおお
テスト,/test.pdf,aaa iii uuu　えええ　おおお
テスト,/test.pdf,aaa iii uuu　えええ　おおお
テスト,/test.pdf,aaa iii uuu　えええ　おおお
テスト,/test.pdf,aaa iii uuu　えええ　おおお
テスト,/test.pdf,aaa iii uuu　えええ　おおお
テスト,/test.pdf,aaa iii uuu　えええ　おおお
テスト,/test.pdf,aaa iii uuu　えええ　おおお
テスト,/test.pdf,aaa iii uuu　えええ　おおお
テスト,/test.pdf,aaa iii uuu　えええ　おおお
テスト,/test.pdf,aaa iii uuu　えええ　おおお
テスト,/test.pdf,aaa iii uuu　えええ　おおお
テスト,/test.pdf,aaa iii uuu　えええ　おおお
テスト,/test.pdf,aaa iii uuu　えええ　おおお
テスト,/test.pdf,aaa iii uuu　えええ　おおお
テスト,/test.pdf,aaa iii uuu　えええ　おおお
テスト,/test.pdf,aaa iii uuu　えええ　おおお
テスト,/test.pdf,aaa iii uuu　えええ　おおお
テスト,/test.pdf,aaa iii uuu　えええ　おおお
テスト,/test.pdf,aaa iii uuu　えええ　おおお
テスト,/test.pdf,aaa iii uuu　えええ　おおお
テスト,/test.pdf,aaa iii uuu　えええ　おおお
テスト,/test.pdf,aaa iii uuu　えええ　おおお
テスト,/test.pdf,aaa iii uuu　えええ　おおお
テスト,/test.pdf,aaa iii uuu　えええ　おおお
テスト,/test.pdf,aaa iii uuu　えええ　おおお
テスト,/test.pdf,aaa iii uuu　えええ　おおお
テスト,/test.pdf,aaa iii uuu　えええ　おおお
テスト,/test.pdf,aaa iii uuu　えええ　おおお
テスト,/test.pdf,aaa iii uuu　えええ　おおお
テスト,/test.pdf,aaa iii uuu　えええ　おおお
テスト,/test.pdf,aaa iii uuu　えええ　おおお
テスト,/test.pdf,aaa iii uuu　えええ　おおお
テスト,/test.pdf,aaa iii uuu　えええ　おおお
テスト,/test.pdf,aaa iii uuu　えええ　おおお
テスト,/test.pdf,aaa iii uuu　えええ　おおお
テスト,/test.pdf,aaa iii uuu　えええ　おおお
テスト,/test.pdf,aaa iii uuu　えええ　おおお
テスト,/test.pdf,aaa iii uuu　えええ　おおお
テスト,/test.pdf,aaa iii uuu　えええ　おおお
テスト,/test.pdf,aaa iii uuu　えええ　おおお
テスト,/test.pdf,aaa iii uuu　えええ　おおお
テスト,/test.pdf,aaa iii uuu　えええ　おおお
テスト,/test.pdf,aaa iii uuu　えええ　おおお
テスト,/test.pdf,aaa iii uuu　えええ　おおお
テスト,/test.pdf,aaa iii uuu　えええ　おおお
テスト,/test.pdf,aaa iii uuu　えええ　おおお
テスト,/test.pdf,aaa iii uuu　えええ　おおお
テスト,/test.pdf,aaa iii uuu　えええ　おおお
テスト,/test.pdf,aaa iii uuu　えええ　おおお
テスト,/test.pdf,aaa iii uuu　えええ　おおお
テスト,/test.pdf,aaa iii uuu　えええ　おおお
テスト,/test.pdf,aaa iii uuu　えええ　おおお
テスト,/test.pdf,aaa iii uuu　えええ　おおお
テスト,/test.pdf,aaa iii uuu　えええ　おおお
テスト,/test.pdf,aaa iii uuu　えええ　おおお
テスト,/test.pdf,aaa iii uuu　えええ　おおお
テスト,/test.pdf,aaa iii uuu　えええ　おおお
テスト,/test.pdf,aaa iii uuu　えええ　おおお
テスト,/test.pdf,aaa iii uuu　えええ　おおお
テスト,/test.pdf,aaa iii uuu　えええ　おおお
テスト,/test.pdf,aaa iii uuu　えええ　おおお
テスト,/test.pdf,aaa iii uuu　えええ　おおお
テスト,/test.pdf,aaa iii uuu　えええ　おおお
テスト,/test.pdf,aaa iii uuu　えええ　おおお
テスト,/test.pdf,aaa iii uuu　えええ　おおお
テスト,/test.pdf,aaa iii uuu　えええ　おおお
テスト,/test.pdf,aaa iii uuu　えええ　おおお
テスト,/test.pdf,aaa iii uuu　えええ　おおお
テスト,/test.pdf,aaa iii uuu　えええ　おおお
テスト,/test.pdf,aaa iii uuu　えええ　おおお
テスト,/test.pdf,aaa iii uuu　えええ　おおお
テスト,/test.pdf,aaa iii uuu　えええ　おおお
テスト,/test.pdf,aaa iii uuu　えええ　おおお
テスト,/test.pdf,aaa iii uuu　えええ　おおお
テスト,/test.pdf,aaa iii uuu　えええ　おおお
テスト,/test.pdf,aaa iii uuu　えええ　おおお
テスト,/test.pdf,aaa iii uuu　えええ　おおお
テスト,/test.pdf,aaa iii uuu　えええ　おおお
テスト,/test.pdf,aaa iii uuu　えええ　おおお
テスト,/test.pdf,aaa iii uuu　えええ　おおお
テスト,/test.pdf,aaa iii uuu　えええ　おおお
テスト,/test.pdf,aaa iii uuu　えええ　おおお
テスト,/test.pdf,aaa iii uuu　えええ　おおお
テスト,/test.pdf,aaa iii uuu　えええ　おおお
テスト,/test.pdf,aaa iii uuu　えええ　おおお
テスト,/test.pdf,aaa iii uuu　えええ　おおお
テスト,/test.pdf,aaa iii uuu　えええ　おおお
テスト,/test.pdf,aaa iii uuu　えええ　おおお
テスト,/test.pdf,aaa iii uuu　えええ　おおお
テスト,/test.pdf,aaa iii uuu　えええ　おおお
テスト,/test.pdf,aaa iii uuu　えええ　おおお
テスト,/test.pdf,aaa iii uuu　えええ　おおお
テスト,/test.pdf,aaa iii uuu　えええ　おおお
テスト,/test.pdf,aaa iii uuu　えええ　おおお
テスト,/test.pdf,aaa iii uuu　えええ　おおお
テスト,/test.pdf,aaa iii uuu　えええ　おおお
テスト,/test.pdf,aaa iii uuu　えええ　おおお
テスト,/test.pdf,aaa iii uuu　えええ　おおお
テスト,/test.pdf,aaa iii uuu　えええ　おおお
テスト,/test.pdf,aaa iii uuu　えええ　おおお
テスト,/test.pdf,aaa iii uuu　えええ　おおお
テスト,/test.pdf,aaa iii uuu　えええ　おおお
テスト,/test.pdf,aaa iii uuu　えええ　おおお
テスト,/test.pdf,aaa iii uuu　えええ　おおお
テスト,/test.pdf,aaa iii uuu　えええ　おおお
テスト,/test.pdf,aaa iii uuu　えええ　おおお
テスト,/test.pdf,aaa iii uuu　えええ　おおお
テスト,/test.pdf,aaa iii uuu　えええ　おおお
テスト,/test.pdf,aaa iii uuu　えええ　おおお
テスト,/test.pdf,aaa iii uuu　えええ　おおお
テスト,/test.pdf,aaa iii uuu　えええ　おおお
テスト,/test.pdf,aaa iii uuu　えええ　おおお
テスト,/test.pdf,aaa iii uuu　えええ　おおお
テスト,/test.pdf,aaa iii uuu　えええ　おおお
テスト,/test.pdf,aaa iii uuu　えええ　おおお
テスト,/test.pdf,aaa iii uuu　えええ　おおお
テスト,/test.pdf,aaa iii uuu　えええ　おおお
テスト,/test.pdf,aaa iii uuu　えええ　おおお
テスト,/test.pdf,aaa iii uuu　えええ　おおお
テスト,/test.pdf,aaa iii uuu　えええ　おおお
テスト,/test.pdf,aaa iii uuu　えええ　おおお
テスト,/test.pdf,aaa iii uuu　えええ　おおお
テスト,/test.pdf,aaa iii uuu　えええ　おおお
テスト,/test.pdf,aaa iii uuu　えええ　おおお
テスト,/test.pdf,aaa iii uuu　えええ　おおお
テスト,/test.pdf,aaa iii uuu　えええ　おおお
テスト,/test.pdf,aaa iii uuu　えええ　おおお
テスト,/test.pdf,aaa iii uuu　えええ　おおお
テスト,/test.pdf,aaa iii uuu　えええ　おおお
テスト,/test.pdf,aaa iii uuu　えええ　おおお
テスト,/test.pdf,aaa iii uuu　えええ　おおお
テスト,/test.pdf,aaa iii uuu　えええ　おおお
テスト,/test.pdf,aaa iii uuu　えええ　おおお
テスト,/test.pdf,aaa iii uuu　えええ　おおお
テスト,/test.pdf,aaa iii uuu　えええ　おおお
テスト,/test.pdf,aaa iii uuu　えええ　おおお
テスト,/test.pdf,aaa iii uuu　えええ　おおお
テスト,/test.pdf,aaa iii uuu　えええ　おおお
テスト,/test.pdf,aaa iii uuu　えええ　おおお
テスト,/test.pdf,aaa iii uuu　えええ　おおお
テスト,/test.pdf,aaa iii uuu　えええ　おおお
テスト,/test.pdf,aaa iii uuu　えええ　おおお
テスト,/test.pdf,aaa iii uuu　えええ　おおお
テスト,/test.pdf,aaa iii uuu　えええ　おおお
テスト,/test.pdf,aaa iii uuu　えええ　おおお
テスト,/test.pdf,aaa iii uuu　えええ　おおお
テスト,/test.pdf,aaa iii uuu　えええ　おおお
テスト,/test.pdf,aaa iii uuu　えええ　おおお
テスト,/test.pdf,aaa iii uuu　えええ　おおお
テスト,/test.pdf,aaa iii uuu　えええ　おおお
テスト,/test.pdf,aaa iii uuu　えええ　おおお
テスト,/test.pdf,aaa iii uuu　えええ　おおお
テスト,/test.pdf,aaa iii uuu　えええ　おおお
テスト,/test.pdf,aaa iii uuu　えええ　おおお
テスト,/test.pdf,aaa iii uuu　えええ　おおお
テスト,/test.pdf,aaa iii uuu　えええ　おおお
テスト,/test.pdf,aaa iii uuu　えええ　おおお
テスト,/test.pdf,aaa iii uuu　えええ　おおお
テスト,/test.pdf,aaa iii uuu　えええ　おおお
テスト,/test.pdf,aaa iii uuu　えええ　おおお
テスト,/test.pdf,aaa iii uuu　えええ　おおお
テスト,/test.pdf,aaa iii uuu　えええ　おおお
テスト,/test.pdf,aaa iii uuu　えええ　おおお
テスト,/test.pdf,aaa iii uuu　えええ　おおお
テスト,/test.pdf,aaa iii uuu　えええ　おおお
テスト,/test.pdf,aaa iii uuu　えええ　おおお
テスト,/test.pdf,aaa iii uuu　えええ　おおお
テスト,/test.pdf,aaa iii uuu　えええ　おおお
テスト,/test.pdf,aaa iii uuu　えええ　おおお
テスト,/test.pdf,aaa iii uuu　えええ　おおお
テスト,/test.pdf,aaa iii uuu　えええ　おおお
テスト,/test.pdf,aaa iii uuu　えええ　おおお
テスト,/test.pdf,aaa iii uuu　えええ　おおお
テスト,/test.pdf,aaa iii uuu　えええ　おおお
all-date,/test.pdf,aaa iii uuu　えええ　おおお