title,path,updateAt,createAt,keywords
タイトルdata,https://hirokitsurunaga.github.io/FetchCSV/test.pdf,2024/5/11,2024/4/23,aaa
タイトルdata,https://hirokitsurunaga.github.io/FetchCSV/test.pdf,2024/5/11,2024/4/23,abb
タイトルdata,https://hirokitsurunaga.github.io/FetchCSV/test.pdf,2024/5/11,2024/4/23,bbb
タイトルdata,https://hirokitsurunaga.github.io/FetchCSV/test.pdf,2024/5/11,2024/4/23,abc
タイトルdata,https://hirokitsurunaga.github.io/FetchCSV/test.pdf,2024/5/11,2024/4/23,aac
タイトルdata,https://hirokitsurunaga.github.io/FetchCSV/test.pdf,2024/5/11,2024/4/23,accc
タイトルdatadfgsdfgdgdfgdesfgdfgdfgdsfgdfgdfgdsgdg,https://hirokitsurunaga.github.io/FetchCSV/test.pdf,2024/5/11,2024/4/23,aaa
タイトルdata,https://hirokitsurunaga.github.io/FetchCSV/test.pdf,2024/5/11,2024/4/23,abbb
タイトルdata,https://hirokitsurunaga.github.io/FetchCSV/test.pdf,2024/5/11,2024/4/23,aba
タイトルdata,https://hirokitsurunaga.github.io/FetchCSV/test.pdf,2024/5/11,2024/4/23,aasds
タイトルdata,https://hirokitsurunaga.github.io/FetchCSV/test.pdf,2024/5/11,2024/4/23,aasdsds
タイトルdata,https://hirokitsurunaga.github.io/FetchCSV/test.pdf,2024/5/11,2024/4/23,aasdsd
タイトルdata,https://hirokitsurunaga.github.io/FetchCSV/test.pdf,2024/5/11,2024/4/23,aasdsds
タイトルdata,https://hirokitsurunaga.github.io/FetchCSV/test.pdf,2024/5/11,2024/4/23,adsfsdf
タイトルdata,https://hirokitsurunaga.github.io/FetchCSV/test.pdf,2024/5/11,2024/4/23,adsfs
タイトルdata,https://hirokitsurunaga.github.io/FetchCSV/test.pdf,2024/5/11,2024/4/23,adsf
タイトルdata,https://hirokitsurunaga.github.io/FetchCSV/test.pdf,2024/5/11,2024/4/23,aaa
タイトルdata,https://hirokitsurunaga.github.io/FetchCSV/test.pdf,2024/5/11,2024/4/23,aaa
タイトルdata,https://hirokitsurunaga.github.io/FetchCSV/test.pdf,2024/5/11,2024/4/23,aaa
タイトルdata,https://hirokitsurunaga.github.io/FetchCSV/test.pdf,2024/5/11,2024/4/23,aaa
タイトルdata,https://hirokitsurunaga.github.io/FetchCSV/test.pdf,2024/5/11,2024/4/23,aaa
タイトルdata,https://hirokitsurunaga.github.io/FetchCSV/test.pdf,2024/5/11,2024/4/23,aaa